{"Episode/rew_energy_square": -2.7662723064422607, "Episode/rew_foot_contacts_z": -0.6446148157119751, "Episode/rew_hip_action_l2": -0.351593941450119, "Episode/rew_survive": 7.260204315185547, "Episode/rew_tracking_ang_vel_yaw_exp": 3.2257461547851562, "Episode/rew_tracking_lin_vel_x_l1": -0.7132884860038757, "Episode/rew_arm_energy_abs_sum": -1.8584429025650024, "Episode/rew_tracking_ee_sphere": 8.607226371765137, "Episode/metric_leg_energy_abs_sum": 0.0, "Episode/metric_tracking_lin_vel_x_l1": 15.741507530212402, "Episode/metric_tracking_ang_vel_yaw_exp": 22.266511917114258, "Episode/metric_tracking_ee_cart": 0.0, "Episode/metric_tracking_ee_sphere": 33.35395812988281, "Episode/metric_tracking_ee_orn": 0.0, "Episode/metric_leg_action_l2": 35.159393310546875, "Episode/metric_torque": 0.0, "Episode/metric_energy_square": 46104.54296875, "Episode/metric_foot_contacts_z": 6446.14794921875, "Episode/coeff_lin_vel_x_upper_bound": 0.9000000357627869, "Episode/coeff_lin_vel_x_lower_bound": 0.0, "Episode/coeff_ang_vel_yaw_upper_bound": 1.0, "Episode/coeff_ang_vel_yaw_lower_bound": -1.0, "Episode/coeff_tracking_ang_vel_yaw_exp": 0.15000000596046448, "Loss/value_function": 0.00031334628001786766, "Loss/surrogate": -0.0022214538097614423, "Loss/hist_latent_loss": 0.46265905201435087, "Loss/priv_reg_loss": 0.4445114299654961, "Loss/priv_ref_lambda": 0.0, "Loss/arm_torques_loss": 0.0, "Loss/value_mixing_ratio": 0.4596, "Loss/torque_supervision_weight": 0, "Loss/learning_rate": 0.0002, "Policy/leg_mean_noise_std": 0.2167377471923828, "Policy/arm_mean_noise_std": 0.19531509280204773, "Policy/noise_std_dist": {"_type": "histogram", "values": [1, 0, 0, 0, 0, 0, 0, 0, 0, 0, 0, 0, 0, 0, 0, 0, 0, 0, 0, 0, 0, 0, 0, 0, 0, 0, 0, 0, 0, 0, 4, 0, 0, 0, 0, 0, 0, 0, 0, 0, 0, 0, 0, 0, 0, 2, 0, 0, 0, 1, 0, 0, 0, 0, 0, 0, 0, 0, 0, 0, 9, 0, 0, 1], "bins": [0.051244691014289856, 0.05450743809342384, 0.05777018889784813, 0.06103293597698212, 0.0642956867814064, 0.06755843758583069, 0.07082118093967438, 0.07408393174409866, 0.07734668254852295, 0.08060942590236664, 0.08387217670679092, 0.08713492751121521, 0.0903976783156395, 0.09366042166948318, 0.09692317247390747, 0.10018592327833176, 0.10344867408275604, 0.10671141743659973, 0.10997416824102402, 0.1132369190454483, 0.11649966239929199, 0.11976241320371628, 0.12302516400814056, 0.12628790736198425, 0.12955066561698914, 0.13281340897083282, 0.1360761523246765, 0.1393389105796814, 0.14260165393352509, 0.14586439728736877, 0.14912715554237366, 0.15238989889621735, 0.15565264225006104, 0.15891540050506592, 0.1621781438589096, 0.1654409021139145, 0.16870364546775818, 0.17196638882160187, 0.17522914707660675, 0.17849189043045044, 0.18175463378429413, 0.185017392039299, 0.1882801353931427, 0.1915428787469864, 0.19480563700199127, 0.19806838035583496, 0.20133113861083984, 0.20459388196468353, 0.20785662531852722, 0.2111193835735321, 0.2143821269273758, 0.21764487028121948, 0.22090762853622437, 0.22417037189006805, 0.22743311524391174, 0.23069587349891663, 0.23395861685276031, 0.237221360206604, 0.2404841184616089, 0.24374686181545258, 0.24700962007045746, 0.25027236342430115, 0.25353512167930603, 0.2567978501319885, 0.2600606083869934]}, "Perf/total_fps": 30415, "Perf/collection time": 2.3945155143737793, "Perf/learning_time": 0.23568367958068848, "Train/mean_reward": 0.6258991011814214, "Train/mean_arm_reward": 0.6959887263647397, "Train/mean_episode_length": 368.71, "Train/dones": 0.00266, "_timestamp": 1707666358.2890306, "_runtime": 9089.897357463837, "_step": 3447, "_wandb": {"runtime": 9089}}