{"Episode/rew_energy_square": -8.317883491516113, "Episode/rew_foot_contacts_z": -0.08450481295585632, "Episode/rew_hip_action_l2": -0.03210888057947159, "Episode/rew_survive": 0.3025398850440979, "Episode/rew_tracking_ang_vel_yaw_exp": 0.09034957736730576, "Episode/rew_tracking_lin_vel_x_l1": -0.2111997902393341, "Episode/rew_arm_energy_abs_sum": -0.15027551352977753, "Episode/rew_tracking_ee_sphere": 0.22611276805400848, "Episode/metric_leg_energy_abs_sum": 0.0, "Episode/metric_tracking_lin_vel_x_l1": 0.5029159784317017, "Episode/metric_tracking_ang_vel_yaw_exp": 2.119943380355835, "Episode/metric_tracking_ee_cart": 0.0, "Episode/metric_tracking_ee_sphere": 2.090527057647705, "Episode/metric_tracking_ee_orn": 0.0, "Episode/metric_leg_action_l2": 3.210888385772705, "Episode/metric_torque": 0.0, "Episode/metric_energy_square": 138631.40625, "Episode/metric_foot_contacts_z": 845.0480346679688, "Episode/coeff_lin_vel_x_upper_bound": 0.9000000357627869, "Episode/coeff_lin_vel_x_lower_bound": 0.0, "Episode/coeff_ang_vel_yaw_upper_bound": 1.0, "Episode/coeff_ang_vel_yaw_lower_bound": -1.0, "Episode/coeff_tracking_ang_vel_yaw_exp": 0.15000000596046448, "Loss/value_function": 0.11298693455755711, "Loss/surrogate": -0.0031686569695011713, "Loss/hist_latent_loss": 0.7170366317033767, "Loss/priv_reg_loss": 0.7607270747423172, "Loss/priv_ref_lambda": 0.0, "Loss/arm_torques_loss": 0.0, "Loss/value_mixing_ratio": 0.0036666666666666666, "Loss/torque_supervision_weight": 0, "Loss/learning_rate": 0.0002, "Policy/leg_mean_noise_std": 0.8937972784042358, "Policy/arm_mean_noise_std": 0.9931057691574097, "Policy/noise_std_dist": {"_type": "histogram", "values": [3, 1, 0, 0, 0, 0, 0, 0, 0, 0, 0, 0, 0, 0, 0, 0, 0, 0, 0, 0, 0, 0, 0, 0, 0, 0, 0, 0, 0, 0, 0, 0, 0, 0, 0, 0, 0, 0, 0, 0, 0, 0, 0, 0, 0, 0, 0, 0, 0, 0, 0, 0, 4, 4, 0, 0, 0, 0, 0, 0, 1, 2, 1, 2], "bins": [0.7604984045028687, 0.7642452120780945, 0.7679920196533203, 0.7717388272285461, 0.775485634803772, 0.7792324423789978, 0.7829792499542236, 0.7867260575294495, 0.7904728651046753, 0.7942196726799011, 0.797966480255127, 0.8017132878303528, 0.8054600954055786, 0.8092069029808044, 0.8129537105560303, 0.8167005181312561, 0.8204473257064819, 0.824194073677063, 0.8279408812522888, 0.8316876888275146, 0.8354344964027405, 0.8391813039779663, 0.8429281115531921, 0.846674919128418, 0.8504217267036438, 0.8541685342788696, 0.8579153418540955, 0.8616621494293213, 0.8654089570045471, 0.869155764579773, 0.8729025721549988, 0.8766493797302246, 0.8803961873054504, 0.8841429948806763, 0.8878898024559021, 0.8916366100311279, 0.8953834176063538, 0.8991302251815796, 0.9028770327568054, 0.9066238403320312, 0.9103706479072571, 0.9141174554824829, 0.9178642630577087, 0.9216110706329346, 0.9253578782081604, 0.9291046857833862, 0.9328514933586121, 0.9365983009338379, 0.940345048904419, 0.9440918564796448, 0.9478386640548706, 0.9515854716300964, 0.9553322792053223, 0.9590790867805481, 0.9628258943557739, 0.9665727019309998, 0.9703195095062256, 0.9740663170814514, 0.9778131246566772, 0.9815599322319031, 0.9853067398071289, 0.9890535473823547, 0.9928003549575806, 0.9965471625328064, 1.0002939701080322]}, "Perf/total_fps": 32305, "Perf/collection time": 2.826495885848999, "Perf/learning_time": 0.26892924308776855, "Train/mean_reward": -0.8426464211195708, "Train/mean_arm_reward": 0.008430430165317375, "Train/mean_episode_length": 15.53, "Train/dones": 0.06448, "_timestamp": 1707652473.2969697, "_runtime": 82.38482475280762, "_step": 11, "_wandb": {"runtime": 83}}