{"Episode/rew_energy_square": -2.6750411987304688, "Episode/rew_foot_contacts_z": -0.6721047759056091, "Episode/rew_hip_action_l2": -0.23500335216522217, "Episode/rew_survive": 7.619492530822754, "Episode/rew_tracking_ang_vel_yaw_exp": 3.385512590408325, "Episode/rew_tracking_lin_vel_x_l1": -0.5430113673210144, "Episode/rew_arm_energy_abs_sum": -1.9969955682754517, "Episode/rew_tracking_ee_sphere": 8.804195404052734, "Episode/metric_leg_energy_abs_sum": 0.0, "Episode/metric_tracking_lin_vel_x_l1": 16.373273849487305, "Episode/metric_tracking_ang_vel_yaw_exp": 23.32099723815918, "Episode/metric_tracking_ee_cart": 0.0, "Episode/metric_tracking_ee_sphere": 36.03496170043945, "Episode/metric_tracking_ee_orn": 0.0, "Episode/metric_leg_action_l2": 23.50033950805664, "Episode/metric_torque": 0.0, "Episode/metric_energy_square": 44584.015625, "Episode/metric_foot_contacts_z": 6721.046875, "Episode/coeff_lin_vel_x_upper_bound": 0.9000000357627869, "Episode/coeff_lin_vel_x_lower_bound": 0.0, "Episode/coeff_ang_vel_yaw_upper_bound": 1.0, "Episode/coeff_ang_vel_yaw_lower_bound": -1.0, "Episode/coeff_tracking_ang_vel_yaw_exp": 0.15000000596046448, "Loss/value_function": 0.0004593155448674224, "Loss/surrogate": -0.003366122214356437, "Loss/hist_latent_loss": 0.46888674050569534, "Loss/priv_reg_loss": 0.4768789723515511, "Loss/priv_ref_lambda": 0.0, "Loss/arm_torques_loss": 0.0, "Loss/value_mixing_ratio": 0.5596666666666666, "Loss/torque_supervision_weight": 0, "Loss/learning_rate": 0.0002, "Policy/leg_mean_noise_std": 0.21669338643550873, "Policy/arm_mean_noise_std": 0.33352455496788025, "Policy/noise_std_dist": {"_type": "histogram", "values": [4, 0, 0, 0, 0, 0, 0, 2, 1, 0, 0, 0, 0, 0, 0, 8, 0, 0, 0, 0, 0, 0, 0, 0, 0, 1, 0, 0, 0, 0, 0, 0, 0, 0, 0, 0, 0, 0, 0, 0, 0, 0, 0, 0, 0, 0, 0, 0, 0, 0, 0, 0, 0, 0, 0, 0, 0, 0, 0, 1, 0, 0, 0, 1], "bins": [0.15000000596046448, 0.15638473629951477, 0.16276946663856506, 0.16915419697761536, 0.17553892731666565, 0.18192365765571594, 0.18830840289592743, 0.19469313323497772, 0.20107786357402802, 0.2074625939130783, 0.2138473242521286, 0.2202320545911789, 0.2266167849302292, 0.23300151526927948, 0.23938624560832977, 0.24577097594738007, 0.25215572118759155, 0.25854045152664185, 0.26492518186569214, 0.27130991220474243, 0.2776946425437927, 0.284079372882843, 0.2904641032218933, 0.2968488335609436, 0.3032335638999939, 0.3096182942390442, 0.3160030245780945, 0.3223877549171448, 0.32877248525619507, 0.33515721559524536, 0.34154194593429565, 0.34792667627334595, 0.35431140661239624, 0.3606961667537689, 0.3670808970928192, 0.3734656274318695, 0.3798503577709198, 0.3862350881099701, 0.3926198184490204, 0.3990045487880707, 0.40538927912712097, 0.41177400946617126, 0.41815873980522156, 0.42454347014427185, 0.43092820048332214, 0.43731293082237244, 0.44369766116142273, 0.450082391500473, 0.4564671218395233, 0.4628518521785736, 0.4692365825176239, 0.4756213128566742, 0.4820060431957245, 0.4883907735347748, 0.49477553367614746, 0.5011602640151978, 0.507544994354248, 0.5139297246932983, 0.5203144550323486, 0.5266991853713989, 0.5330839157104492, 0.5394686460494995, 0.5458533763885498, 0.5522381067276001, 0.5586228370666504]}, "Perf/total_fps": 28775, "Perf/collection time": 2.515953302383423, "Perf/learning_time": 0.26421523094177246, "Train/mean_reward": 0.6926369732711464, "Train/mean_arm_reward": 0.6831656522862614, "Train/mean_episode_length": 377.21, "Train/dones": 0.00233, "_timestamp": 1707657138.149426, "_runtime": 4446.008095026016, "_step": 1679, "_wandb": {"runtime": 4447}}