{"Episode/rew_energy_square": -14.111552238464355, "Episode/rew_foot_contacts_z": -0.16766594350337982, "Episode/rew_hip_action_l2": -0.053503792732954025, "Episode/rew_survive": 0.4297499656677246, "Episode/rew_tracking_ang_vel_yaw_exp": 0.13259775936603546, "Episode/rew_tracking_lin_vel_x_l1": -0.2597791850566864, "Episode/rew_arm_energy_abs_sum": -0.1912878304719925, "Episode/rew_tracking_ee_sphere": 0.33650025725364685, "Episode/metric_leg_energy_abs_sum": 0.0, "Episode/metric_tracking_lin_vel_x_l1": 0.5195583701133728, "Episode/metric_tracking_ang_vel_yaw_exp": 2.9165284633636475, "Episode/metric_tracking_ee_cart": 0.0, "Episode/metric_tracking_ee_sphere": 2.861692428588867, "Episode/metric_tracking_ee_orn": 0.0, "Episode/metric_leg_action_l2": 5.350379467010498, "Episode/metric_torque": 0.0, "Episode/metric_energy_square": 235192.546875, "Episode/metric_foot_contacts_z": 1676.659423828125, "Episode/coeff_lin_vel_x_upper_bound": 0.9000000357627869, "Episode/coeff_lin_vel_x_lower_bound": 0.0, "Episode/coeff_ang_vel_yaw_upper_bound": 1.0, "Episode/coeff_ang_vel_yaw_lower_bound": -1.0, "Episode/coeff_tracking_ang_vel_yaw_exp": 0.15000000596046448, "Loss/value_function": 0.19260302186012268, "Loss/surrogate": -0.027256286516785622, "Loss/hist_latent_loss": 0.6909823775291443, "Loss/priv_reg_loss": 0.6759590804576874, "Loss/priv_ref_lambda": 0.0, "Loss/arm_torques_loss": 0.0, "Loss/value_mixing_ratio": 0.0002666666666666667, "Loss/torque_supervision_weight": 0, "Loss/learning_rate": 0.0002, "Policy/leg_mean_noise_std": 0.9333171844482422, "Policy/arm_mean_noise_std": 0.9970266222953796, "Policy/noise_std_dist": {"_type": "histogram", "values": [2, 2, 0, 0, 0, 0, 0, 0, 0, 0, 0, 0, 0, 0, 0, 0, 0, 0, 0, 0, 0, 0, 0, 0, 0, 0, 0, 0, 0, 0, 0, 0, 0, 0, 0, 0, 0, 0, 0, 0, 0, 0, 0, 0, 0, 0, 0, 0, 0, 0, 0, 0, 0, 0, 0, 0, 0, 0, 0, 0, 0, 3, 6, 5], "bins": [0.7984675168991089, 0.8016509413719177, 0.8048343658447266, 0.8080177903175354, 0.8112011551856995, 0.8143845796585083, 0.8175680041313171, 0.820751428604126, 0.8239348530769348, 0.8271182775497437, 0.8303016424179077, 0.8334850668907166, 0.8366684913635254, 0.8398519158363342, 0.8430353403091431, 0.8462187647819519, 0.8494021892547607, 0.8525855541229248, 0.8557689785957336, 0.8589524030685425, 0.8621358275413513, 0.8653192520141602, 0.868502676486969, 0.8716860413551331, 0.8748694658279419, 0.8780528903007507, 0.8812363147735596, 0.8844197392463684, 0.8876031637191772, 0.8907865285873413, 0.8939699530601501, 0.897153377532959, 0.9003368020057678, 0.9035202264785767, 0.9067036509513855, 0.9098870754241943, 0.9130704402923584, 0.9162538647651672, 0.9194372892379761, 0.9226207137107849, 0.9258041381835938, 0.9289875626564026, 0.9321709275245667, 0.9353543519973755, 0.9385377764701843, 0.9417212009429932, 0.944904625415802, 0.9480880498886108, 0.9512714147567749, 0.9544548392295837, 0.9576382637023926, 0.9608216881752014, 0.9640051126480103, 0.9671885371208191, 0.9703719615936279, 0.973555326461792, 0.9767387509346008, 0.9799221754074097, 0.9831055998802185, 0.9862890243530273, 0.9894724488258362, 0.9926558136940002, 0.9958392381668091, 0.9990226626396179, 1.0022060871124268]}, "Perf/total_fps": 239, "Perf/collection time": 1.529923439025879, "Perf/learning_time": 0.14190244674682617, "Train/mean_reward": -1.519277377392758, "Train/mean_arm_reward": 0.020407215267451564, "Train/mean_episode_length": 22.068181818181817, "Train/dones": 0.036000000000000004, "_timestamp": 1707706910.6176515, "_runtime": 23.97086453437805, "_step": 2, "_wandb": {"runtime": 23}}