{"_wandb": {"runtime": 51}, "Episode/rew_energy_square": -7.023826599121094, "Episode/rew_foot_contacts_z": -0.07323453575372696, "Episode/rew_hip_action_l2": -0.026357633993029594, "Episode/rew_survive": 0.2507769465446472, "Episode/rew_tracking_ang_vel_yaw_exp": 0.08314391225576401, "Episode/rew_tracking_lin_vel_x_l1": -0.13568249344825745, "Episode/rew_arm_energy_abs_sum": -0.11894600838422775, "Episode/rew_tracking_ee_sphere": 0.2679402232170105, "Episode/metric_leg_energy_abs_sum": 0.0, "Episode/metric_tracking_lin_vel_x_l1": 0.31003376841545105, "Episode/metric_tracking_ang_vel_yaw_exp": 1.5085134506225586, "Episode/metric_tracking_ee_cart": 0.0, "Episode/metric_tracking_ee_sphere": 1.4098973274230957, "Episode/metric_tracking_ee_orn": 0.0, "Episode/metric_leg_action_l2": 2.635763168334961, "Episode/metric_torque": 0.0, "Episode/metric_energy_square": 117063.7734375, "Episode/metric_foot_contacts_z": 732.3453979492188, "Episode/coeff_lin_vel_x_upper_bound": 0.9000000357627869, "Episode/coeff_lin_vel_x_lower_bound": 0.0, "Episode/coeff_ang_vel_yaw_upper_bound": 1.0, "Episode/coeff_ang_vel_yaw_lower_bound": -1.0, "Episode/coeff_tracking_ang_vel_yaw_exp": 0.15000000596046448, "Loss/value_function": 0.0, "Loss/surrogate": 0.0, "Loss/hist_latent_loss": 0.7646127432584763, "Loss/priv_reg_loss": 0.0, "Loss/priv_ref_lambda": 0.0, "Loss/arm_torques_loss": 0.0, "Loss/value_mixing_ratio": 0.0, "Loss/torque_supervision_weight": 0.0, "Loss/learning_rate": 0.0002, "Policy/leg_mean_noise_std": 0.9333333373069763, "Policy/arm_mean_noise_std": 1.0, "Policy/noise_std_dist": {"_type": "histogram", "values": [4, 0, 0, 0, 0, 0, 0, 0, 0, 0, 0, 0, 0, 0, 0, 0, 0, 0, 0, 0, 0, 0, 0, 0, 0, 0, 0, 0, 0, 0, 0, 0, 0, 0, 0, 0, 0, 0, 0, 0, 0, 0, 0, 0, 0, 0, 0, 0, 0, 0, 0, 0, 0, 0, 0, 0, 0, 0, 0, 0, 0, 0, 0, 14], "bins": [0.800000011920929, 0.8031250238418579, 0.8062500357627869, 0.809374988079071, 0.8125, 0.815625011920929, 0.8187500238418579, 0.8218750357627869, 0.824999988079071, 0.828125, 0.831250011920929, 0.8343750238418579, 0.8375000357627869, 0.840624988079071, 0.84375, 0.846875011920929, 0.8500000238418579, 0.8531250357627869, 0.856249988079071, 0.859375, 0.862500011920929, 0.8656250238418579, 0.8687500357627869, 0.871874988079071, 0.875, 0.878125011920929, 0.8812500238418579, 0.8843750357627869, 0.887499988079071, 0.890625, 0.893750011920929, 0.8968750238418579, 0.8999999761581421, 0.903124988079071, 0.90625, 0.909375011920929, 0.9125000238418579, 0.9156249761581421, 0.918749988079071, 0.921875, 0.925000011920929, 0.9281250238418579, 0.9312499761581421, 0.934374988079071, 0.9375, 0.940625011920929, 0.9437500238418579, 0.9468749761581421, 0.949999988079071, 0.953125, 0.956250011920929, 0.9593750238418579, 0.9624999761581421, 0.965624988079071, 0.96875, 0.971875011920929, 0.9750000238418579, 0.9781249761581421, 0.981249988079071, 0.984375, 0.987500011920929, 0.9906250238418579, 0.9937499761581421, 0.996874988079071, 1.0]}, "Perf/total_fps": 36599, "Perf/collection time": 2.9675276279449463, "Perf/learning_time": 0.31124186515808105, "Train/mean_reward": -1.231910276822746, "Train/mean_arm_reward": 0.018765190531557892, "Train/mean_episode_length": 18.66, "Train/dones": 0.05119166666666666, "_timestamp": 1707652645.470076, "_runtime": 49.4769811630249, "_step": 0}